model_name,max_context_size,is_model_max,memory_allocated,tokens_per_second,decode_tokens_per_second,total_duration,total_duration_human,search_algorithm,search_time,total_tries,precision_confidence
bespoke-minicheck:7b-fp16,32768,True,21.4GiB,524.3527663028115,94.12174412297948,0.1754544,175 ms,pure_binary_max_first_g01,6.85,1,100.00%
gemma3:12b-it-fp16,131072,True,44.5GiB,27.71747261705369,23.74933693383496,1.6956813,1.70 s,pure_binary_max_first_g01,7.24,1,100.00%
gemma3:1b-it-fp16,32768,True,3.0GiB,150.58409898840947,158.7473391781217,0.1793018,179 ms,pure_binary_max_first_g01,6.65,1,100.00%
gemma3:27b-it-q4_K_M,131072,True,46.8GiB,33.52483646625656,25.124433783198047,1.2229739,1.22 s,pure_binary_max_first_g01,10.52,1,100.00%
gemma3:27b-it-q8_0,103139,False,52.6GiB,4.825604528947809,21.477168581698965,13.0553591,13.06 s,pure_binary_max_first_g01,197.90,19,100.00%
gemma3:4b-it-fp16,131072,True,14.6GiB,81.58428523497804,74.90760147358233,0.6864067,686 ms,pure_binary_max_first_g01,8.69,1,100.00%
llama3.1:8b-instruct-fp16,131072,True,50.2GiB,83.70063964028813,63.241506665654796,0.2986835,298 ms,pure_binary_max_first_g01,7.38,1,100.00%
llama3.1:8b-instruct-q2_K,131072,True,28.1GiB,216.36498176043204,201.03533195959187,0.1155455,115 ms,pure_binary_max_first_g01,7.23,1,100.00%
llama3.1:8b-instruct-q3_K_L,131072,True,29.1GiB,263.81771673153065,163.3836759284788,0.0947624,94 ms,pure_binary_max_first_g01,7.48,1,100.00%
llama3.1:8b-instruct-q3_K_M,131072,True,28.9GiB,260.00309923694294,169.59213092512508,0.0961527,96 ms,pure_binary_max_first_g01,7.47,1,100.00%
llama3.1:8b-instruct-q3_K_S,131072,True,28.5GiB,275.9738288498625,174.83587282438612,0.0905883,90 ms,pure_binary_max_first_g01,7.29,1,100.00%
llama3.1:8b-instruct-q4_0,131072,True,29.4GiB,233.16219228419675,179.85409336675622,0.1072215,107 ms,pure_binary_max_first_g01,7.54,1,100.00%
llama3.1:8b-instruct-q4_K_M,131072,True,40.0GiB,185.5742037010919,109.88256301078223,0.134717,134 ms,pure_binary_max_first_g01,8.04,1,100.00%
llama3.1:8b-instruct-q6_K,131072,True,41.5GiB,136.1318409653381,98.86014255632556,0.1836455,183 ms,pure_binary_max_first_g01,8.55,1,100.00%
llama3.1:8b-instruct-q8_0,131072,True,43.3GiB,110.48415038572226,76.1595046585817,0.2262768,226 ms,pure_binary_max_first_g01,9.41,1,100.00%
llama3.2:1b-instruct-fp16,131072,True,15.4GiB,233.65468641204535,206.72796150725355,0.1711928,171 ms,pure_binary_max_first_g01,2.22,1,100.00%
llama3.2:3b-instruct-fp16,131072,True,27.4GiB,296.0016102487598,162.4767962825309,0.1351344,135 ms,pure_binary_max_first_g01,8.22,1,100.00%
llama3.3:70b-instruct-q2_K,47427,False,52.8GiB,2.083501020440462,24.231556756363812,11.9990342,12.00 s,pure_binary_max_first_g01,220.98,19,100.00%
llama3.3:70b-instruct-q3_K_M,33889,False,52.6GiB,34.88476585066083,20.424716664500796,0.7166452,716 ms,pure_binary_max_first_g01,178.81,19,100.00%
llama3.3:70b-instruct-q4_K_M,20174,False,52.5GiB,2.486894365123125,17.74117182657561,10.0526988,10.05 s,pure_binary_max_first_g01,235.06,19,100.00%
llava-llama3:8b-v1.1-q4_0,8192,True,7.0GiB,259.851219585714,185.53779288880025,0.0962089,96 ms,pure_binary_max_first_g01,3.81,1,100.00%
mistral-small3.1:24b-instruct-2503-q4_K_M,72112,False,50.4GiB,611.8228449729486,41.57753482638261,0.6096536,609 ms,pure_binary_max_first_g01,148.86,19,100.00%
mistral-small3.1:24b-instruct-2503-q8_0,43225,False,35.8GiB,,,,,pure_binary_max_first_g01,155.13,19,100.00%
mistral-small:24b-instruct-2501-q4_K_M,32768,True,21.0GiB,744.0913439769399,90.54741572016322,0.2365301,236 ms,pure_binary_max_first_g01,5.74,1,100.00%
mistral-small:24b-instruct-2501-q8_0,32768,True,34.4GiB,361.9659357148498,40.88129859444985,0.4862336,486 ms,pure_binary_max_first_g01,9.22,1,100.00%
nomic-embed-text:137m-v1.5-fp16,2048,True,809.9MiB,,,,,pure_binary_max_first_g01,5.79,1,100.00%
phi4-mini-reasoning:3.8b-fp16,131072,True,41.4GiB,81.4342988251084,77.73357328576927,2.8734821,2.87 s,pure_binary_max_first_g01,9.34,1,100.00%
phi4-mini:3.8b-fp16,131072,True,41.4GiB,75.40491212481201,76.42837185283048,2.6523471,2.65 s,pure_binary_max_first_g01,4.61,1,100.00%
phi4-reasoning:14b-fp16,32768,True,43.4GiB,47.689407009493046,32.86691120761287,15.768701,15.77 s,pure_binary_max_first_g01,10.97,1,100.00%
phi4-reasoning:14b-plus-fp16,32768,True,43.4GiB,55.487684474831006,32.99691191859002,10.4167259,10.42 s,pure_binary_max_first_g01,15.45,1,100.00%
phi4:14b-fp16,16384,True,36.0GiB,37.256532317007185,32.42571125437351,1.6641377,1.66 s,pure_binary_max_first_g01,15.43,1,100.00%
phi4:14b-q4_K_M,16384,True,14.1GiB,167.2579793764221,123.53113756736307,0.1494697,149 ms,pure_binary_max_first_g01,3.89,1,100.00%
qwen2.5-coder:1.5b-instruct-fp16,32768,True,5.1GiB,372.00430848626377,231.51296617306176,0.1182782,118 ms,pure_binary_max_first_g01,2.16,1,100.00%
qwen2.5-coder:3b-instruct-fp16,32768,True,8.6GiB,285.4445961769886,152.2379936554816,0.1541455,154 ms,pure_binary_max_first_g01,7.94,1,100.00%
qwen2.5-coder:7b-instruct-q8_0,32768,True,11.3GiB,242.05389329934312,137.041211718394,0.1817777,181 ms,pure_binary_max_first_g01,3.70,1,100.00%
qwen3:0.6b-fp16,40960,True,7.6GiB,360.6186790831312,378.9268405707556,0.4769581,476 ms,pure_binary_max_first_g01,1.69,1,100.00%
qwen3:1.7b-fp16,40960,True,9.7GiB,229.24252757048518,239.22269710775487,0.7982812,798 ms,pure_binary_max_first_g01,2.76,1,100.00%
qwen3:14b-fp16,40960,True,45.2GiB,33.658086182707706,32.53353564083532,7.1305302,7.13 s,pure_binary_max_first_g01,11.87,1,100.00%
qwen3:14b-q4_K_M,40960,True,20.5GiB,120.86194693081204,119.36525852664835,1.7788891,1.78 s,pure_binary_max_first_g01,9.00,1,100.00%
qwen3:30b-a3b-q4_K_M,40960,True,26.8GiB,151.32975172497,156.38874901806264,2.9075578,2.91 s,pure_binary_max_first_g01,11.98,1,100.00%
qwen3:30b-a3b-q8_0,40960,True,46.0GiB,39.93208077420964,42.735839129410714,4.9584193,4.96 s,pure_binary_max_first_g01,11.81,1,100.00%
qwen3:32b-q4_K_M,36526,False,52.9GiB,16.497101588689663,32.655351011683315,19.7004303,19.70 s,pure_binary_max_first_g01,177.45,18,100.00%
qwen3:4b-fp16,40960,True,17.7GiB,138.66920137158385,137.16565050202374,2.0624623,2.06 s,pure_binary_max_first_g01,8.66,1,100.00%
qwen3:8b-fp16,40960,True,24.4GiB,89.02599530344797,86.92731877223147,3.482129,3.48 s,pure_binary_max_first_g01,11.48,1,100.00%
qwen3:8b-q4_K_M,40960,True,14.6GiB,163.96544501376462,171.8323700595807,1.2990542,1.30 s,pure_binary_max_first_g01,2.60,1,100.00%
